,Unnamed: 0,nodes,id,avg_avg_fit,min_best_fit,max_best_fit,avg_best_fit,prop_fit_enough,avg_peak_sd,prop_together,num_edges,two_cycles,long_cycles,strongly_connected
0,0,9,395,4.98448021876357,5.838878573329419,12.183121625155716,9.34323243903232,0.1,0.14941166433921954,0.0,43,16,1421,True
1,1,9,369,4.649547511266628,6.560209236024736,12.222525121476176,8.515952618624121,0.1,0.33071891388307384,0.0,39,11,1064,True
2,2,9,80,4.335506607755026,6.8602066624412,9.100949846038825,8.178581419876853,0.0,0.0,0.0,42,11,959,True
3,3,9,166,4.533166415781911,5.315533358877178,11.415018825833616,8.76218905556713,0.0,0.0,0.0,40,13,1252,True
4,4,9,100,5.065674666781487,7.1047531603983245,13.883234214947159,9.782481842996171,0.2,0.4736055282151951,0.0,45,16,2613,True
5,5,9,218,4.601542010343392,4.86175758244901,12.409371240498032,8.61573750680987,0.1,0.04230657843097842,1.0,48,17,3113,True
6,6,9,487,4.630676999780792,6.112676321418077,12.144633288435145,9.105304097066162,0.2,0.2165319063962629,0.0,40,11,1148,True
7,7,9,417,4.1217176896676895,3.938935828435501,10.137109228247457,7.97955170054812,0.0,0.0,0.0,41,14,687,True
8,8,9,73,4.649945900404491,5.759770442739401,11.61485992074351,8.512317512725332,0.0,0.0,0.0,37,7,537,True
9,9,9,371,3.6719143695609846,3.99442918293873,10.528399799298343,7.036177220122482,0.0,0.0,0.0,41,10,565,False
10,10,9,409,4.727952396071012,6.972013511478647,12.275507594725928,8.948515203039225,0.2,0.36515232814918064,0.0,46,14,3065,True
11,11,9,48,5.0333930669179034,7.942983921053848,11.906416235011342,9.93055104029104,0.0,0.0,0.0,45,16,2622,True
12,12,9,296,3.5993953563994485,4.468560714124648,9.088631583226679,7.563606305115432,0.0,0.0,0.0,41,10,1832,True
13,13,9,426,4.660201342902845,6.47572156506443,12.278144225245356,8.70502415674043,0.2,0.14790654881257131,0.0,41,12,1036,True
14,14,9,25,3.989858441775155,6.640279136000757,12.119070501101136,8.100504635380556,0.1,0.3740547802032431,0.0,39,12,775,True
15,15,9,305,4.483022355741829,4.321461737878252,11.325854224571108,8.287799555524725,0.0,0.0,0.0,38,9,877,True
16,16,9,2,3.5786750135142635,4.68706760411117,8.160897938235001,6.726099180754608,0.0,0.0,0.0,38,11,404,True
17,17,9,339,4.5817243232712315,4.296905017785027,12.234685333138554,8.952022778026851,0.1,0.034770655680691286,1.0,39,13,769,True
18,18,9,244,4.373604124557224,5.566435017819995,12.117975275525987,9.123796266739397,0.1,0.09321337637355953,0.0,42,12,1645,True
19,19,9,199,4.2107541428951745,6.240343599154397,10.79071339026573,8.36615721958794,0.0,0.0,0.0,42,14,500,False
20,20,9,263,5.0304297597179195,6.615355712113219,10.687218316834004,8.357217405862281,0.0,0.0,0.0,43,13,1742,True
21,21,9,343,4.49240057844352,6.349055064096911,10.364526304021505,8.084983815292798,0.0,0.0,0.0,36,9,746,True
22,22,9,78,5.184648446163495,6.581626343349098,11.760473866240543,9.513050092364283,0.0,0.0,0.0,43,13,1164,True
23,23,9,375,3.763078107184044,5.6164111880640695,10.17694124869892,7.528419561976607,0.0,0.0,0.0,39,11,952,True
24,24,9,254,4.061581070805823,5.367858914246472,10.217675561835692,8.016885582167902,0.0,0.0,0.0,42,13,1534,True
25,25,9,348,4.643970310547244,6.058170860558755,11.60146961631404,8.607863615472809,0.0,0.0,0.0,40,11,1050,True
26,26,9,257,4.534235534790005,4.966381612676333,14.00309996087041,8.68576946871909,0.2,0.4086886506628751,0.0,41,11,1537,True
27,27,9,284,4.333636780381459,6.916931780659431,11.927084691403762,8.572638606370928,0.0,0.0,0.0,44,13,2383,True
28,28,9,346,4.4121865826395394,4.174676897943759,9.59949110112676,8.131699711765668,0.0,0.0,0.0,44,15,2460,True
29,29,9,243,3.856780241599669,4.474808959402097,8.466176547818657,7.044586748756615,0.0,0.0,0.0,41,11,803,True
30,30,9,273,4.375216358969697,6.922923662488892,10.223507900242703,8.455644373298773,0.0,0.0,0.0,41,11,1142,True
31,31,9,270,4.568731336369744,6.983566744063503,9.801557431746376,8.539021007173544,0.0,0.0,0.0,40,10,1555,True
32,32,9,188,4.261983929795288,5.9503001390569725,11.288837701779544,7.964354758559807,0.0,0.0,0.0,42,12,1315,True
33,33,9,314,4.2443064418405765,5.635945657207452,12.270527356809163,8.441223446121299,0.1,0.32606172369740344,0.0,41,14,1367,True
34,34,9,359,4.563320672770182,6.187457916566126,13.554582971042773,8.739777624092214,0.1,0.4299898629679505,0.0,38,9,700,True
35,35,9,470,4.314473347590236,6.060325019249346,9.63530483040451,7.865405015397303,0.0,0.0,0.0,36,9,567,True
36,36,9,92,4.851922120147945,7.2276414607000765,12.475756422389507,8.93175753067207,0.1,0.022172784514215955,0.0,38,9,1094,True
37,37,9,267,5.021620536801497,6.839766181306684,11.711203998964482,9.655651788118133,0.0,0.0,0.0,40,14,1060,True
38,38,9,385,5.063051881455858,6.740769762593199,10.73579606767742,8.704902432903657,0.0,0.0,0.0,39,12,740,True
39,39,9,388,4.301007115485496,5.940508413491945,11.420727866269493,8.25513115191862,0.0,0.0,0.0,44,14,1305,True
40,40,9,294,3.79447479969082,4.057043162163491,12.413602977685388,7.200271597544612,0.1,0.2918579189474457,0.0,39,7,420,True
41,41,9,203,4.100703109138617,3.953119325155917,11.268191514127713,7.957484560540452,0.0,0.0,0.0,39,12,852,True
42,42,9,460,4.575794130995457,6.412019860227232,10.049107773914269,8.10449886386277,0.0,0.0,0.0,41,10,721,True
43,43,9,61,4.30237139637617,5.823882886697709,9.748075163670595,8.300205250859044,0.0,0.0,0.0,38,11,727,True
44,44,9,106,4.330246902449615,6.800808133461901,11.389682425007706,8.290957150215299,0.0,0.0,0.0,38,9,600,True
45,45,9,318,3.9758532158054267,4.740571986817169,12.855696395155508,7.617942112066988,0.1,0.40541351554034705,0.0,40,13,1372,True
46,46,9,249,4.470019141210503,4.04467639477858,12.045674356040506,7.970702129561618,0.1,0.1983540971032717,0.0,41,11,1197,True
47,47,9,45,4.164608192240076,4.783902440526932,12.09590217915609,7.667487795894688,0.1,0.13367586853095387,0.0,44,14,1540,True
48,48,9,235,3.889484471929795,4.4321201397748515,9.077434645088534,7.4332999453681206,0.0,0.0,0.0,37,10,394,True
49,49,9,29,4.66336840070734,6.618859827357976,12.011625609766233,9.018999871245748,0.1,0.3279032172784991,0.0,38,12,746,True
50,50,9,483,4.765667089347579,7.7115005016592155,11.898769190478617,9.50067419920675,0.0,0.0,0.0,44,14,1699,True
51,51,9,250,3.78528011930034,4.649598955646841,12.185550531010325,7.566546768315147,0.1,0.3236714322930293,0.0,41,14,1044,True
52,52,9,484,4.440582669067316,6.4252100194078405,11.955562631588132,8.630589835867582,0.0,0.0,0.0,41,14,1171,True
53,53,9,190,4.533153158266937,5.040888544111887,11.48340891661049,8.261942925831985,0.0,0.0,0.0,39,8,508,True
54,54,9,172,4.973811035609506,5.384427596263262,13.169571181495495,9.032700048255576,0.2,0.19860498226630768,0.0,40,13,676,True
55,55,9,178,3.4496436067840603,5.465647526297925,11.039686636696386,7.4862985917166505,0.0,0.0,0.0,41,12,1027,True
56,56,9,454,4.43761884229889,5.89284982799192,11.033073905618684,8.93728022492375,0.0,0.0,0.0,38,10,905,True
57,57,9,289,4.735778967929708,5.804623501522827,10.849516038054027,8.33319092109181,0.0,0.0,0.0,39,11,976,True
58,58,9,163,4.746979004642698,5.734773057297187,11.201025505254066,8.924244489141227,0.0,0.0,0.0,42,13,895,True
59,59,9,259,4.6537230635106726,4.7915531675928635,9.789663455983636,7.807267980168421,0.0,0.0,0.0,36,8,298,True
60,60,9,256,3.762748066911834,4.699513243299331,8.844994905457911,7.493328971970541,0.0,0.0,0.0,37,8,495,True
61,61,9,90,3.9477998999537416,5.313932332925283,9.483901911283485,7.59446213891832,0.0,0.0,0.0,40,13,682,True
62,62,9,419,4.628469760094246,4.9088521173152735,11.159785923557903,8.480046280005215,0.0,0.0,0.0,42,12,553,True
63,63,9,157,4.645705275595963,5.304686853296731,10.947355486781557,8.914945714719444,0.0,0.0,0.0,41,10,840,True
64,64,9,364,4.193966159759984,4.467930836333671,12.258430705552572,8.056518814548358,0.1,0.09262248921747372,0.0,41,10,1563,True
65,65,9,276,4.762513235804128,6.637665792784025,13.780927089807902,8.859542027600016,0.1,0.4169808951067033,0.0,41,11,1820,True
66,66,9,159,4.7128899712750645,6.917440177857678,10.83384889155657,8.965131030235101,0.0,0.0,0.0,43,13,2212,True
67,67,9,51,4.513184190473249,5.81252446273063,11.163201249830045,8.33255365536996,0.0,0.0,0.0,36,11,638,True
68,68,9,216,3.7944200769920133,5.1475657857217465,11.906381711465151,7.532734428820501,0.0,0.0,0.0,40,13,706,True
69,69,9,383,3.7528365104735193,5.628991171167399,10.225713728613671,7.587165093408812,0.0,0.0,0.0,39,12,668,True
70,70,9,37,4.656560549748965,7.316143922076407,10.466040927636453,8.77934139223516,0.0,0.0,0.0,40,11,842,True
71,71,9,405,4.642879938865632,5.279165255746745,14.022773699710267,9.122603558331939,0.1,0.0874364084079444,0.0,41,16,1273,True
72,72,9,206,4.328299040286132,5.990736950334628,10.532293339916231,8.286400543332949,0.0,0.0,0.0,43,13,2535,True
73,73,9,372,4.692670660835637,6.199673633282259,11.46916518812141,8.642563008844267,0.0,0.0,0.0,43,15,2062,True
74,74,9,81,3.77986672663593,5.768122264758196,10.401429944506598,7.52140994607244,0.0,0.0,0.0,37,9,877,True
75,75,9,435,3.5449037611183294,3.6879701257009083,8.43544323097012,6.694635489571503,0.0,0.0,0.0,40,11,1372,True
76,76,9,79,4.310482318179922,5.1212857603744535,10.59207301184632,8.186411381442818,0.0,0.0,0.0,40,11,1256,True
77,77,9,362,4.815658910838222,6.586302985469787,11.709382903940895,9.187285819636164,0.0,0.0,0.0,42,13,1304,True
78,78,9,374,4.317140104127152,5.237884303172453,10.463370762745775,8.022703746299127,0.0,0.0,0.0,38,8,517,True
79,79,9,391,5.049818518029462,5.1719419785816285,12.480958857132912,9.350314601279203,0.4,0.17674533450340862,0.0,42,14,1027,True
80,80,9,377,4.265350760968435,5.367363552978087,9.782447261150123,8.050141120707996,0.0,0.0,0.0,41,13,1293,True
81,81,9,290,4.375013941317341,5.0455087428841585,9.93107330344242,7.716199947894344,0.0,0.0,0.0,39,9,1085,True
82,82,9,54,4.584608913300525,5.951661125477803,14.170705904835222,8.481884547485128,0.1,0.2647159184284521,0.0,43,14,993,True
83,83,9,228,4.557488279578439,5.431301217171959,11.976586610001734,8.592783644937013,0.0,0.0,0.0,46,15,3293,True
84,84,9,191,4.69581289791099,6.526864722249334,9.747083295101508,8.026553496824327,0.0,0.0,0.0,40,11,1049,True
85,85,9,119,3.93159367408172,6.39337071415506,10.686770064611984,8.324512870816534,0.0,0.0,0.0,40,11,1472,True
86,86,9,382,3.879564448746424,5.204545778673048,10.594514886432902,7.41032082723625,0.0,0.0,0.0,38,9,850,True
87,87,9,283,3.7818480256913687,4.284910562817555,9.861249155361877,7.31875247698096,0.0,0.0,0.0,39,7,793,True
88,88,9,384,4.207183338137709,5.527541380816744,12.001626557075042,8.101151472846269,0.1,0.3995040197288488,0.0,37,8,715,True
89,89,9,442,4.84963058598898,6.0880462985210135,14.137608087310385,9.117774166568307,0.1,0.0,0.0,41,10,833,True
90,90,9,491,4.404223473392532,6.325041596903866,9.838544079975923,8.13040426274496,0.0,0.0,0.0,39,12,933,True
91,91,9,238,4.6874857021293135,5.726045631850022,13.442949987670335,9.143408745492547,0.1,0.09990759986319396,0.0,46,14,3075,True
92,92,9,194,4.448119495881608,5.775981808467865,10.261913475055751,8.17459493372876,0.0,0.0,0.0,42,11,1868,True
93,93,9,98,4.045214754149005,4.656771550622814,9.806093286322731,7.443905237190161,0.0,0.0,0.0,34,7,311,True
94,94,9,418,4.387014508372765,6.860135382478551,11.672983579318988,8.037085345358518,0.0,0.0,0.0,40,10,1016,True
95,95,9,237,4.22961780691311,4.474000153043036,10.334042281153232,7.574721839307082,0.0,0.0,0.0,40,10,1504,True
96,96,9,110,4.585976429584906,4.668112395401925,11.741980263071651,8.677797581612998,0.0,0.0,0.0,42,13,1442,True
97,97,9,205,4.827345917728046,6.09571602172146,11.311781723333988,8.812505867454082,0.0,0.0,0.0,38,12,633,True
98,98,9,456,4.739233683809138,6.034915191286024,12.623434699818304,8.436655560960522,0.1,0.10076491497719033,0.0,43,11,2468,True
99,99,9,406,4.540748632185594,6.243412358032497,12.433104689871836,8.761564691745129,0.1,0.02583441825151315,1.0,44,15,1771,True
100,100,9,482,4.181189996441541,6.009497337943653,11.078368797274992,7.774319815332463,0.0,0.0,0.0,42,12,1162,True
101,101,9,303,4.408323922308876,5.935538661232086,10.082234384033699,8.060299393320978,0.0,0.0,0.0,41,8,2132,True
102,102,9,366,4.064763467669605,4.450192338875632,12.73113385119717,8.196969056509918,0.1,0.14114143236286325,0.0,39,9,1294,True
103,103,9,131,4.693135701968137,5.3757533548060215,9.898284783102962,7.9947647638366925,0.0,0.0,0.0,41,9,1815,True
104,104,9,396,4.865220109837685,5.730892550569058,9.311276521763485,8.157963595429923,0.0,0.0,0.0,37,10,575,True
105,105,9,40,4.3275082303208885,5.435628639901861,11.243829762482033,7.941433734709762,0.0,0.0,0.0,39,10,816,True
106,106,9,32,4.142998205795337,4.8033464987312104,10.959113388761084,7.8495847984115885,0.0,0.0,0.0,37,9,629,True
107,107,9,17,5.026493295389695,4.970916426784886,12.439157533909734,9.348121306245034,0.1,0.19595046766190796,0.0,44,14,2041,True
108,108,9,210,4.5719544497861,5.898538959223449,10.064919824627406,8.049727044202394,0.0,0.0,0.0,39,9,961,True
109,109,9,76,4.020294211847804,5.423444351340573,10.434170044768779,7.994848161042486,0.0,0.0,0.0,42,12,2274,True
110,110,9,150,4.328516543229966,6.5747386708187125,10.353876843401506,8.298390901065023,0.0,0.0,0.0,36,9,609,True
111,111,9,399,4.604525612748935,6.243208011723912,10.493615036393061,8.368116882633032,0.0,0.0,0.0,41,11,1508,True
112,112,9,24,4.426254953532384,5.1917192342888425,9.868584687891378,8.011645514195184,0.0,0.0,0.0,44,15,2780,True
113,113,9,446,4.808370877564247,7.3870695061843135,13.28890010568093,9.422703241416487,0.1,0.2430372642396131,0.0,42,12,1595,True
114,114,9,234,3.883822073276949,5.0170106602847016,9.577881823523928,7.29087745181486,0.0,0.0,0.0,39,6,1061,True
115,115,9,59,4.575469186834488,6.1099720504858075,10.952113885840518,8.3040160677154,0.0,0.0,0.0,43,12,1940,True
116,116,9,182,4.326617552440461,5.623399075065249,12.069679073100357,8.280527805178776,0.1,0.04838726508488539,1.0,48,14,4813,True
117,117,9,443,4.406849118528209,4.3261227473161945,12.021280790529714,8.380422749632142,0.1,0.4928295624627138,0.0,40,14,649,True
118,118,9,299,4.734755137743839,5.3547088555473135,13.054889940573295,8.342867238874417,0.1,0.0819621937395681,0.0,35,5,576,True
119,119,9,50,4.1154189129023395,5.987658261236437,10.558625892716007,8.025578446435635,0.0,0.0,0.0,44,12,3570,True
120,120,9,219,4.019756640255107,5.673497742127544,10.593847919055856,7.869549704837606,0.0,0.0,0.0,39,10,887,True
121,121,9,316,4.195541042146205,6.202990995310974,9.385211079750055,7.9392510484680665,0.0,0.0,0.0,46,14,1904,True
122,122,9,14,4.058741641414991,4.639125484317371,10.961028737994228,7.9691456519663175,0.0,0.0,0.0,40,10,844,True
123,123,9,447,4.195629789212723,5.799084830789053,11.32086932443598,8.361400820044448,0.0,0.0,0.0,44,16,1830,True
124,124,9,262,4.25100537374569,5.868157969589893,10.793145046923094,7.843086643469284,0.0,0.0,0.0,37,10,574,True
125,125,9,137,4.272379705466252,4.45372868347871,9.618812825238207,7.4857865834386565,0.0,0.0,0.0,42,13,972,True
126,126,9,41,5.156296199399028,6.683966037335218,11.742242590112651,8.952011064676187,0.0,0.0,0.0,46,17,2306,True
127,127,9,193,5.13967261243065,7.470538540795435,11.278765740353508,9.216001595977787,0.0,0.0,0.0,39,12,487,True
128,128,9,352,4.4228988609731195,4.898475515738198,12.605052844797775,8.396863059878116,0.1,0.08512426792696147,0.0,42,12,1623,True
129,129,9,152,4.251000343131472,4.420635521185004,12.24575824156896,8.039765748263518,0.1,0.1563151207597332,0.0,38,10,807,True
130,130,9,439,4.753329722043148,5.370951001159967,12.119763468390865,9.037068593399773,0.1,0.29953823919179834,0.0,43,15,1398,True
131,131,9,286,4.467336142761865,5.530689889891349,11.411627847128393,8.124778837998857,0.0,0.0,0.0,39,13,822,True
132,132,9,400,5.069161674802448,6.808263146773544,14.92063091224452,9.8954788531664,0.2,0.36924205057092907,0.0,47,18,2806,True
133,133,9,229,3.7160428048273015,6.04131672284186,9.161635029206527,7.194428888561603,0.0,0.0,0.0,41,10,1774,True
134,134,9,407,3.985169931078497,4.3709816813154205,10.627420995146352,7.678053768681943,0.0,0.0,0.0,43,13,1603,True
135,135,9,213,4.3904049396273015,6.152583293585107,10.665580039061432,8.188096460123871,0.0,0.0,0.0,42,13,1500,True
136,136,9,246,4.616874848613179,6.638650303849113,10.39097080951008,8.37622903704894,0.0,0.0,0.0,38,8,687,True
137,137,9,463,4.335243062790333,6.206608749320017,10.116952265171394,8.0254838250932,0.0,0.0,0.0,41,13,680,True
138,138,9,38,4.183161033721121,5.7031323589839245,10.462749939470859,7.857589087475965,0.0,0.0,0.0,37,9,428,True
139,139,9,153,4.593585766682156,5.874621883410003,10.528929646501991,8.031878111649679,0.0,0.0,0.0,44,12,2408,True
140,140,9,260,4.7357892998494036,4.353196853933318,13.148027315725384,8.905629722986085,0.1,0.18452871537271,0.0,42,13,1696,True
141,141,9,4,4.361304415740086,6.459426167517093,9.785616818573905,8.009206694012407,0.0,0.0,0.0,41,15,934,True
142,142,9,239,4.245653771056081,4.580933035061685,10.27587649179459,8.185278337593349,0.0,0.0,0.0,41,11,785,True
143,143,9,477,4.1675660769105045,6.163491278716153,10.022134807897604,8.09054988961004,0.0,0.0,0.0,40,13,862,True
144,144,9,422,4.58230602176512,5.444329588944222,9.878299193214438,8.40929153261815,0.0,0.0,0.0,41,9,1222,True
145,145,9,62,4.3815406459610715,5.190335654052676,14.450751556109187,8.191992594217274,0.1,0.220249217520846,0.0,42,12,941,True
146,146,9,253,4.834780890134449,6.028809604148548,13.715322546933095,9.09638726477504,0.1,0.14331687427269935,0.0,39,11,902,True
147,147,9,222,4.111022335143141,5.427602567701812,11.234314270277373,8.02135562665996,0.0,0.0,0.0,39,10,1167,True
148,148,9,412,4.526406040657408,5.555412830903388,11.948428582016744,8.363052416213469,0.0,0.0,0.0,37,9,435,True
149,149,9,143,4.699189166064691,6.251443391970582,11.153687921052182,8.429210052897965,0.0,0.0,0.0,42,12,1805,True
150,150,9,458,4.158487444639111,5.867096904862503,9.997217290196515,8.04190710785989,0.0,0.0,0.0,42,15,1413,True
151,151,9,413,4.791705889012499,6.941709014868034,10.897310183290116,8.818041906888766,0.0,0.0,0.0,39,10,914,True
152,152,9,306,3.6507480861822055,4.169891299224421,9.241818807290457,6.62262235881605,0.0,0.0,0.0,42,11,1226,True
153,153,9,179,4.6574488760426105,7.014675450460817,11.382585273050742,8.937934131069209,0.0,0.0,0.0,42,14,1933,True
154,154,9,95,4.213539654588638,6.29757508435097,10.907418294430052,7.937979901553211,0.0,0.0,0.0,40,12,793,True
155,155,9,19,4.672905013058637,6.125610396300577,11.694730477429815,8.742196967483101,0.0,0.0,0.0,42,12,1937,True
156,156,9,478,4.102535456609568,6.21238970965984,9.289104374270524,7.8268565222170885,0.0,0.0,0.0,42,12,1272,True
157,157,9,56,4.1920480768052055,5.267167735066235,11.915093714397186,8.848107215926241,0.0,0.0,0.0,43,12,1394,True
158,158,9,473,4.676355220574983,7.672880264818021,11.464409724479358,9.09062737915273,0.0,0.0,0.0,41,13,776,True
159,159,9,85,4.342980437348569,4.318021425828992,10.266722384661712,8.35074923125109,0.0,0.0,0.0,43,11,2806,True
160,160,9,128,4.349572316207109,5.947542297790432,11.265431240055149,8.540234539876549,0.0,0.0,0.0,44,13,1863,True
161,161,9,258,4.0072381845442,4.39102225593097,10.560061265618486,7.522356483020728,0.0,0.0,0.0,39,8,876,True
162,162,9,240,4.1272746158726505,5.936656915605348,9.833669608918713,8.11872806696061,0.0,0.0,0.0,43,13,1666,True
163,163,9,370,4.747745696877924,4.219851303497529,12.21841910176323,8.64835904181496,0.1,0.007264831572567789,0.0,40,12,587,True
164,164,9,428,4.4000722365917815,6.343510459729536,9.756322101835384,8.253134461497407,0.0,0.0,0.0,43,13,2190,True
165,165,9,135,4.429250884775822,5.358596130565563,9.82056869014253,8.103598002577437,0.0,0.0,0.0,39,10,1037,True
166,166,9,12,4.140127605723431,4.671859130937428,11.62342617831659,7.839282253964964,0.0,0.0,0.0,41,14,1299,True
167,167,9,154,4.389531013997769,6.873088943346168,10.255976260187104,8.673923078695243,0.0,0.0,0.0,44,15,1763,True
168,168,9,185,4.13548203769224,5.19689778597749,9.35506158514426,7.591567947127421,0.0,0.0,0.0,38,11,794,True
169,169,9,295,3.9473860408710246,4.413193693712094,10.303583594126376,7.571571882494491,0.0,0.0,0.0,43,8,3458,True
170,170,9,355,4.921308084095031,6.1847751811696705,11.391489372617853,9.046873908771547,0.0,0.0,0.0,43,14,1665,True
171,171,9,129,4.832532997727991,6.8338839526989466,11.501479993758561,9.224813651743572,0.0,0.0,0.0,46,17,2094,True
172,172,9,330,3.9207617030610096,4.537136112538554,10.729093553138574,7.369161213877865,0.0,0.0,0.0,45,15,1950,True
173,173,9,315,4.775734532473077,6.069342736423937,10.066658416569837,8.637635582109304,0.0,0.0,0.0,43,14,701,True
174,174,9,148,4.528909019381239,6.168398263939787,10.6165392491582,8.204839193525848,0.0,0.0,0.0,41,13,1105,True
175,175,9,338,4.095032548316843,4.764850644872311,10.696948339985504,7.835850817874688,0.0,0.0,0.0,36,11,611,True
176,176,9,230,4.997706307527161,4.9965869194178225,11.12770021140759,9.038283593630977,0.0,0.0,0.0,40,9,1042,True
177,177,9,104,4.849757172828388,7.084981785351646,12.12209358433967,9.373345709228088,0.1,1.404495803290199,0.0,41,10,1209,True
178,178,9,381,4.896730636794343,6.278714043481361,10.372982509791743,8.6308541064156,0.0,0.0,0.0,39,10,876,True
179,179,9,423,3.5985698718004686,6.084358160664135,9.568534420471366,7.256161245690876,0.0,0.0,0.0,41,15,1058,True
180,180,9,342,4.3672385909970775,6.545748967110352,11.137561674459803,8.66917634531897,0.0,0.0,0.0,41,10,1968,True
181,181,9,480,3.2748747817772164,4.155440521604598,8.541101975036112,6.6685419513982,0.0,0.0,0.0,39,13,858,True
182,182,9,357,4.7605941112309855,4.818620421693433,11.078165904926731,8.714714937128054,0.0,0.0,0.0,40,11,1289,True
183,183,9,279,4.643506475534432,4.298237233666805,13.013518070708944,8.256282643366152,0.1,0.13655267740919022,0.0,44,13,2014,True
184,184,9,65,4.20779049449441,5.948113151445893,9.878620540860515,8.055309377036144,0.0,0.0,0.0,40,11,809,True
185,185,9,145,4.472134536731207,5.959330673887554,12.517635484095322,8.048599842131653,0.1,0.08360457311765138,0.0,42,11,1409,True
186,186,9,401,5.444105369289608,6.480089273564987,13.552629796106006,10.027280037912039,0.3,0.3010466714222499,1.0,44,15,2691,True
187,187,9,136,3.4400317547111485,4.0440950711317285,9.796020214283047,6.632353369835516,0.0,0.0,0.0,39,9,582,True
188,188,9,103,3.6713090100179206,3.6215507170477794,9.416922039417349,7.069880224308992,0.0,0.0,0.0,42,12,1123,True
189,189,9,43,5.624460160335044,7.728365361157987,13.986122602099615,10.411058932304238,0.1,0.3631426296218046,0.0,45,15,2589,True
190,190,9,437,4.403323601996145,7.816225121152173,11.906085697353936,9.289496972291891,0.0,0.0,0.0,44,15,1683,True
191,191,9,358,4.740889110236158,7.032287240160258,11.01689117759393,8.955307684814027,0.0,0.0,0.0,41,12,1172,True
192,192,9,333,4.0782387056297535,4.985752646979697,9.648396303462425,7.152187527903773,0.0,0.0,0.0,36,7,460,True
193,193,9,120,4.7334139085034534,4.720730371546336,11.111851406779683,8.49586416900925,0.0,0.0,0.0,41,14,511,True
194,194,9,334,4.9762032542721455,6.904814727689241,11.691635649406289,9.343712758557867,0.0,0.0,0.0,42,13,992,True
195,195,9,117,4.5288022551037495,4.878132438876453,13.375562454464747,8.527274129709383,0.1,0.09506158191756237,0.0,40,10,1375,True
196,196,9,144,4.092939211884005,5.506304045076449,9.9492408005662,7.324245615284747,0.0,0.0,0.0,37,7,1084,True
197,197,9,349,3.7842852879347455,5.913363724535202,10.298041990375156,7.50769696619938,0.0,0.0,0.0,42,12,1420,True
198,198,9,252,4.618391400241309,6.334023938566978,12.017686522259961,8.522466846716906,0.1,0.7834235148875123,0.0,40,14,1016,True
199,199,9,291,4.6831043790270215,4.408069428296142,11.278261132089007,8.637737161035107,0.0,0.0,0.0,42,14,536,True
200,200,9,156,4.1105816513715085,4.5084070562061305,9.517487440398918,7.833030030707621,0.0,0.0,0.0,40,12,681,True
201,201,9,300,4.4368338948658765,4.914199002803216,10.964028949482982,8.234341437427307,0.0,0.0,0.0,42,12,1788,True
202,202,9,15,4.2416434835186525,5.774220349471992,10.240029980946074,8.549136081569056,0.0,0.0,0.0,37,13,645,True
203,203,9,75,4.405838548303056,5.0779611240490325,12.227069139919713,8.534741556983727,0.1,0.0297479404442066,1.0,45,12,2425,True
204,204,9,331,5.623363926687403,7.842180206039402,12.291729270557587,9.994773190036572,0.3,1.0126173033749528,0.0,41,13,613,True
205,205,9,440,4.440700831814158,4.8252412069576485,11.430217522143812,8.378191349678051,0.0,0.0,0.0,40,10,1148,True
206,206,9,328,4.671595329875175,5.790943867952782,10.521646466869583,8.2529045109702,0.0,0.0,0.0,37,10,382,True
207,207,9,424,5.239888238919697,7.664003110849607,13.971044877394602,9.973247950132546,0.1,0.2642084294318133,0.0,43,13,1154,True
208,208,9,274,4.275435066526953,5.586814316152209,9.544622005578978,8.278730418406116,0.0,0.0,0.0,42,13,1815,True
209,209,9,340,4.536214426138264,7.57278281654187,12.152494722893405,8.962439500315234,0.1,0.1239921378020353,0.0,40,13,877,True
210,210,9,201,4.73857897490865,6.077307661325995,10.8438300013181,8.699775547215106,0.0,0.0,0.0,42,12,2041,True
211,211,9,373,4.889041010474225,5.875133152994274,14.087135056244948,9.04707326755914,0.2,0.1856820036334456,1.0,41,12,1280,True
212,212,9,197,3.940902403100268,5.1288604353151515,11.179808499161496,7.747284149671089,0.0,0.0,0.0,42,15,1149,True
213,213,9,378,4.150885045767513,5.4153826267379905,10.261199826849747,7.606045181565128,0.0,0.0,0.0,39,10,837,True
214,214,9,322,3.8463679212101187,5.244209112368239,10.028820421808822,7.484662449834715,0.0,0.0,0.0,42,13,1546,True
215,215,9,112,4.044884031017139,4.5157994565009725,10.606234553156078,7.785560976302481,0.0,0.0,0.0,37,10,772,True
216,216,9,20,3.827356631902348,4.401341353916967,11.195369790682594,7.984782568999168,0.0,0.0,0.0,37,13,678,True
217,217,9,30,4.722196281811241,5.5298150967072415,11.912287721909614,8.685264546372956,0.0,0.0,0.0,42,11,1727,True
218,218,9,105,4.593221704205424,6.293594088935481,11.282373349420329,8.480311767101327,0.0,0.0,0.0,39,11,723,True
219,219,9,474,4.045195687501442,6.456459829091988,9.993843096040203,7.952250960983433,0.0,0.0,0.0,42,12,1864,True
220,220,9,39,3.9358515816305095,5.929799755617576,10.037436618966996,7.667401519981022,0.0,0.0,0.0,36,8,659,True
221,221,9,200,4.451762337518036,4.848701969557651,11.130489180953402,8.354457779318572,0.0,0.0,0.0,45,16,1354,True
222,222,9,462,4.566855875711153,7.672949380125817,9.453637491252922,8.641141200317607,0.0,0.0,0.0,43,12,2348,True
223,223,9,353,4.5737330752696685,5.8039355715352015,9.95227330241562,8.151925483135134,0.0,0.0,0.0,41,12,1150,True
224,224,9,67,4.441265209126077,7.058349557749598,10.27200144528692,8.991524987085581,0.0,0.0,0.0,40,11,1255,True
225,225,9,313,4.965538841354699,6.208439664379179,13.530586795583947,9.17894944066909,0.1,0.3605067289648977,0.0,42,13,1228,True
226,226,9,87,4.471977737603312,5.818371635933535,8.993918568168091,7.891957927473366,0.0,0.0,0.0,40,10,1041,True
227,227,9,416,4.535679157562353,5.5304144274339775,10.587569249901057,8.198326911432494,0.0,0.0,0.0,45,12,2098,True
228,228,9,420,4.830163883318996,5.7957366890691855,12.74624030837858,8.875433605259762,0.2,0.35319873621380965,0.0,41,12,1467,True
229,229,9,450,4.589755985111188,6.309720876667504,10.897194271469802,8.323122751267858,0.0,0.0,0.0,41,11,1181,True
230,230,9,312,4.2030847181941215,5.541249430410613,11.567862259446043,8.441340733219397,0.0,0.0,0.0,41,16,955,True
231,231,9,44,4.751903678138566,6.088879505632415,11.459557543871302,9.123235777488912,0.0,0.0,0.0,41,13,1582,True
232,232,9,124,4.228581790733276,5.961313576713791,10.663450411907613,8.052207925367378,0.0,0.0,0.0,39,13,594,True
233,233,9,221,5.089087048169333,5.172931514124134,12.20530673544434,8.875363127458423,0.1,0.3900730058831508,0.0,42,13,998,True
234,234,9,432,4.16894971187384,5.989819746043228,9.405119261861287,7.575981572918637,0.0,0.0,0.0,37,8,731,True
235,235,9,368,4.5290754093485415,5.3515513318639325,11.052084463120556,8.085865375244921,0.0,0.0,0.0,37,10,746,True
236,236,9,498,4.29417871412572,3.910465320273391,10.611778028636074,7.944743902460351,0.0,0.0,0.0,40,11,1320,True
237,237,9,459,4.8629323802311495,6.615877911938218,11.540262254007333,9.005581377414511,0.0,0.0,0.0,43,15,1719,True
238,238,9,469,4.6948869750116495,6.22814332422392,10.350605504004537,8.478631971923978,0.0,0.0,0.0,40,10,459,False
239,239,9,464,4.279899260640569,5.508267324531505,10.047483028189802,8.013304815080309,0.0,0.0,0.0,35,7,336,True
240,240,9,376,4.161132940947093,5.161945973883704,8.83920327908632,7.628454637315517,0.0,0.0,0.0,36,11,267,True
241,241,9,214,4.027350085719826,4.884430692682621,10.905877940689956,7.685827170348991,0.0,0.0,0.0,40,13,1401,True
242,242,9,204,3.8110423434486607,5.390824237333281,8.560672423002009,7.0386647923622645,0.0,0.0,0.0,38,10,902,True
243,243,9,231,4.20370289753004,5.620542828933159,13.18277220591954,8.013599802049193,0.1,0.07602138693239713,0.0,37,13,269,False
244,244,9,170,4.669869255949025,4.629017084178594,11.436789990627235,8.075657743911087,0.0,0.0,0.0,37,10,611,True
245,245,9,301,4.981420310420176,7.178727446294874,12.656309833326285,9.4812301942443,0.1,0.15989464302255427,0.0,42,14,1648,True
246,246,9,481,4.3835788468783035,5.321481461330208,11.262558833918106,8.510269433306433,0.0,0.0,0.0,40,14,1200,True
247,247,9,441,3.9285082261765463,5.1217513361561116,9.643155489178849,7.301916373677473,0.0,0.0,0.0,40,10,1522,True
248,248,9,123,4.561184955035205,7.284865369270504,9.880683309558824,8.412573085254436,0.0,0.0,0.0,41,9,2127,True
249,249,9,27,4.16690594934501,6.002037377960293,9.967617245401042,7.815949498295383,0.0,0.0,0.0,41,11,903,True
250,250,9,74,4.623837949432148,6.6960199311720014,12.08208050350911,9.23236715045172,0.1,0.2697448474337313,0.0,42,13,1865,True
251,251,9,298,3.3975031799642235,4.662957076368291,10.216950871788072,7.022018779069983,0.0,0.0,0.0,41,12,1340,True
252,252,9,224,4.648254497963968,6.083232302183662,14.985663848605665,9.44623064928599,0.1,0.05682775863567241,1.0,44,14,1866,True
253,253,9,495,4.492519642353979,6.900880058663745,10.61806087732416,8.653153958023786,0.0,0.0,0.0,42,12,1561,True
254,254,9,0,4.22895557674484,5.325441272233201,10.955176558176888,8.21445461038263,0.0,0.0,0.0,40,12,1036,True
255,255,9,57,4.0617114061339965,5.466332099542705,10.638861099963966,7.536264392141223,0.0,0.0,0.0,38,9,527,True
256,256,9,326,4.016784915833546,5.412524949783959,10.638561886611374,8.081108706205786,0.0,0.0,0.0,38,9,894,True
257,257,9,187,4.710283054837761,5.127123440729407,12.104283068877097,8.408489412018247,0.1,0.5175810355969531,0.0,41,13,1108,True
258,258,9,255,4.028121940186352,5.172890118343421,12.123683188111999,7.795449382535673,0.1,0.2663275712516601,0.0,37,11,335,False
259,259,9,425,4.386053858297092,5.804901183178103,12.62873173580093,8.826837097337792,0.1,0.32781798755585945,0.0,41,12,1752,True
260,260,9,251,4.1531430449727065,6.021376355971649,9.619304608163755,7.939787467316253,0.0,0.0,0.0,35,10,329,True
261,261,9,275,4.13168191027966,5.040415393391363,12.152637309650814,8.032550644386294,0.1,0.6701633396935298,0.0,43,11,1602,True
262,262,9,207,4.755562602722068,4.44638179889735,12.5402863458408,8.800367302563133,0.1,0.046639391723672506,1.0,40,12,1363,True
263,263,9,317,5.2355023713948246,5.744393289882747,12.007253129466616,9.202654286020866,0.1,5.757274937926903,0.0,44,14,2754,True
264,264,9,320,4.290834964538753,6.413387747773343,9.897446359649154,8.314417351301845,0.0,0.0,0.0,41,13,1110,True
265,265,9,66,3.8072599739154307,4.904248690378487,11.156849485535195,7.7345851155544745,0.0,0.0,0.0,40,10,1305,True
266,266,9,1,3.8860568256231103,4.33142449193849,10.001666146413953,7.70473385358717,0.0,0.0,0.0,43,11,2525,True
267,267,9,453,4.5104065596656975,5.775199113093215,12.567130731752393,8.64513022814261,0.1,0.24784355271700104,0.0,42,11,2298,True
268,268,9,162,4.183407549351344,6.424769229784551,9.48363835437594,8.004120985406843,0.0,0.0,0.0,43,14,1719,True
269,269,9,139,4.869718652980096,6.800491910878187,11.570072515753957,9.62089388694835,0.0,0.0,0.0,40,10,1455,True
270,270,9,107,4.670218038487705,5.865014521688763,11.653672921939325,8.942456375741486,0.0,0.0,0.0,38,9,665,True
271,271,9,99,4.230799639626779,6.002932405135198,9.53870176887936,7.921483196987275,0.0,0.0,0.0,40,11,866,True
272,272,9,277,4.370410720148035,5.596675311296184,11.558227064403413,8.351828582631494,0.0,0.0,0.0,41,11,1376,True
273,273,9,292,4.001834460217692,5.176571493485929,10.877738290418495,7.868346000226648,0.0,0.0,0.0,42,12,1602,True
274,274,9,171,4.681220878040231,4.716334786836413,11.377308301657575,8.699284067681685,0.0,0.0,0.0,39,11,633,True
275,275,9,198,4.044346711105251,5.685894124428545,12.439118461239723,7.659756095664247,0.1,0.2260353434526174,0.0,43,15,1397,True
276,276,9,22,4.026046213017478,4.626685820135783,10.503937603873686,7.646999325146627,0.0,0.0,0.0,39,13,702,True
277,277,9,310,4.7088550521611925,5.985079237531831,12.053197907571787,8.682717413080999,0.1,0.04496361046333905,1.0,43,15,1819,True
278,278,9,427,4.572227164740437,6.0588007329836655,11.514241003270307,8.00215223890448,0.0,0.0,0.0,40,14,662,True
279,279,9,266,3.8405090382987503,6.6497927239765975,10.256381884583778,7.823674284149945,0.0,0.0,0.0,41,13,1457,True
280,280,9,335,4.3672421118022005,5.428542776619196,10.828205215239585,8.034258028162693,0.0,0.0,0.0,39,10,621,True
281,281,9,293,4.598462801268051,5.8653978983479265,13.854699843196585,8.668270284584457,0.1,0.2690042163824206,0.0,38,9,950,True
282,282,9,392,3.5315235288337923,4.762443940634882,9.326163594731424,7.309816945519701,0.0,0.0,0.0,40,12,849,True
283,283,9,499,5.3614972166322685,6.954304145462902,12.65997157748757,9.657562782795145,0.1,0.03985716396594929,1.0,38,12,788,True
284,284,9,471,4.207715148605051,5.080793160638642,9.959327071888262,7.810915802554551,0.0,0.0,0.0,34,7,301,True
285,285,9,408,4.913860925985646,6.465832831408397,12.86987496073072,9.27574024071206,0.1,2.029512526058949,0.0,43,16,999,True
286,286,9,496,4.298319222040584,5.220899096530251,10.008492866628133,8.080061294104386,0.0,0.0,0.0,37,9,387,True
287,287,9,297,4.2821204825467225,5.785118419251304,13.499429360718546,8.179362803393028,0.1,0.4794602028592608,0.0,42,14,1425,True
288,288,9,493,4.678162974240854,7.079895525205868,10.358263790094796,8.641146278019178,0.0,0.0,0.0,44,13,1740,True
289,289,9,181,4.698675134915538,6.470260708843718,11.859865317974384,8.511012652584258,0.0,0.0,0.0,41,13,902,True
290,290,9,126,5.474163887213927,7.682470460904084,15.000119801650131,10.1699107662584,0.2,1.2632431745381525,0.0,45,15,1978,True
291,291,9,68,4.164013274131626,6.4600887138672025,9.50555523541384,7.609592993618652,0.0,0.0,0.0,39,10,956,True
292,292,9,122,4.303702585404259,6.2366777744975535,10.526557629713775,8.228310261112194,0.0,0.0,0.0,39,11,874,True
293,293,9,451,4.896609065897789,5.948928484880037,12.259916093538866,8.856883080025696,0.1,0.20243962866141288,0.0,40,10,1470,True
294,294,9,47,3.7201718349545656,5.7294702762017815,9.001798578232831,7.240187409092901,0.0,0.0,0.0,41,10,1843,True
295,295,9,415,3.610378580282212,5.857717188565534,8.488737118071604,6.939613002109576,0.0,0.0,0.0,36,10,626,True
296,296,9,319,4.582841273386304,6.031878118773083,10.75840511710796,8.234065826840093,0.0,0.0,0.0,42,11,602,True
297,297,9,227,4.487259773976702,6.6665582908930325,11.604081513378803,8.397138133071996,0.0,0.0,0.0,41,11,1471,True
298,298,9,233,3.51750492675036,4.879202691607824,10.684971176787682,6.560594665767878,0.0,0.0,0.0,41,9,1396,True
299,299,9,28,4.101184885220794,6.250126016605263,11.114424204293972,8.063276333871169,0.0,0.0,0.0,39,11,909,True
300,300,9,77,4.645695802378934,6.199144774079749,11.895861129758554,8.680841372057465,0.0,0.0,0.0,41,12,1647,True
301,301,9,360,4.077438600988366,5.127184450368083,11.0149612894077,8.099735286958788,0.0,0.0,0.0,43,14,1417,True
302,302,9,302,4.550029108243532,5.894887024076249,12.95863764330331,8.691304746055717,0.1,0.4129020115532459,0.0,41,13,713,True
303,303,9,438,4.374796184855014,6.599303792774888,10.814357970477426,8.437709675266543,0.0,0.0,0.0,40,11,1138,True
304,304,9,118,4.778844011291212,5.633703485769148,12.224246458336848,8.862500572430928,0.1,0.0924403913136865,0.0,42,13,1172,True
305,305,9,492,4.3902978522354825,6.332426212759532,11.089647995670118,8.523540358931028,0.0,0.0,0.0,41,12,1206,True
306,306,9,336,4.397556716000324,5.853618415750035,11.421703482470608,8.042646734583467,0.0,0.0,0.0,43,12,1967,True
307,307,9,125,4.549707353536836,5.706968782259611,12.508200055697241,8.384443936616622,0.1,0.4435037526141715,0.0,38,10,945,True
308,308,9,196,3.8699176959751314,5.464472059030548,11.443857808656313,7.683691912698118,0.0,0.0,0.0,38,10,722,True
309,309,9,88,4.400581069143789,6.440214050206047,11.28500767034036,8.339608535273324,0.0,0.0,0.0,41,13,1407,True
310,310,9,8,4.929034488167568,6.525447327690356,10.763145061043856,8.912978439735781,0.0,0.0,0.0,38,13,559,True
311,311,9,411,4.1697775921216165,5.517214397792188,12.359516271796643,8.04968089360669,0.1,0.2404976903525374,0.0,40,9,978,True
312,312,9,264,3.647883273206396,5.390163937903148,9.995009613645466,7.133394455643853,0.0,0.0,0.0,40,11,1258,True
313,313,9,304,4.841828007326185,6.603465766927712,11.016226110105892,8.756592265441688,0.0,0.0,0.0,42,14,1149,True
314,314,9,309,4.309557460965822,5.4848552187601305,10.451094769341342,8.415088620776519,0.0,0.0,0.0,42,12,889,True
315,315,9,466,3.9534577961264614,5.2586850172531845,9.690992623580692,7.890039018576597,0.0,0.0,0.0,43,11,1172,True
316,316,9,46,4.107883486734457,5.642960671855726,9.904091298424767,8.045656773206888,0.0,0.0,0.0,42,13,944,True
317,317,9,26,4.119702070482414,5.686065430504347,10.316323252703596,7.955363766495,0.0,0.0,0.0,39,10,910,True
318,318,9,53,4.726366253388139,6.027875069342032,10.484742356014713,8.604049428905583,0.0,0.0,0.0,40,12,690,True
319,319,9,6,4.301352319127755,5.263081512390455,12.420455072414127,8.082219259667758,0.1,0.22196525623202304,0.0,39,13,921,True
320,320,9,34,3.918272415378104,5.0003607952759905,10.327931685725279,7.871881207055945,0.0,0.0,0.0,45,17,1844,True
321,321,9,208,5.4217585271332425,7.587456073416117,11.727943374736778,9.512868071843103,0.0,0.0,0.0,43,12,1855,True
322,322,9,175,3.9712059184212034,4.4287127084491305,9.541152491315517,7.498590910941679,0.0,0.0,0.0,44,9,2709,True
323,323,9,64,4.043864131266122,5.708764659230548,9.722248052705504,7.6416575018567325,0.0,0.0,0.0,38,11,850,True
324,324,9,281,5.165487182075571,7.077830184714094,11.769296377846516,9.461572715029169,0.0,0.0,0.0,45,17,1481,True
325,325,9,356,4.701310362497383,6.706477345543117,11.217466454339423,8.883863563049523,0.0,0.0,0.0,39,12,785,True
326,326,9,5,4.800343904426613,5.849996977199223,11.751093602777582,9.330286761724,0.0,0.0,0.0,40,11,1245,True
327,327,9,212,5.081530510142956,6.680357178451206,12.259503162496696,9.554009452174189,0.2,4.18084270406991,0.0,39,10,304,True
328,328,9,472,3.8919145303710683,4.977648145251647,11.904602920430188,7.667785702890247,0.0,0.0,0.0,40,13,870,True
329,329,9,379,4.332130764345059,4.030398477358199,11.761633519549095,8.187659929447229,0.0,0.0,0.0,43,13,1611,True
330,330,9,475,5.1239729685753,6.363467901510482,13.186684768687147,9.92256594361532,0.3,0.20957051338414007,0.0,42,12,1049,True
331,331,9,97,4.456130278861248,6.1462881831132625,9.678225518861863,8.356191231255972,0.0,0.0,0.0,41,10,1303,True
332,332,9,211,3.591395037537557,4.152655177627237,9.146914825235005,7.15204691135104,0.0,0.0,0.0,36,11,351,True
333,333,9,489,3.7925246079301167,5.841427559591827,9.718826983251843,7.722520820949197,0.0,0.0,0.0,40,10,894,True
334,334,9,261,4.762342608153337,5.681827032837262,14.583384647892805,8.77139595878137,0.1,0.4420264547980118,0.0,41,10,1716,True
335,335,9,265,5.089074477004156,6.252208726835506,11.660668083091052,9.201697658460409,0.0,0.0,0.0,44,13,1557,True
336,336,9,96,4.5006236816477125,5.482728205258617,10.38204381989695,7.687592319874389,0.0,0.0,0.0,42,13,1002,True
337,337,9,132,4.565039603991574,5.878031977565933,10.780240697992133,8.804846268592701,0.0,0.0,0.0,43,14,2061,True
338,338,9,160,4.477626516358809,6.224394776257332,11.844359117426155,9.172196961361617,0.0,0.0,0.0,45,18,1957,True
339,339,9,72,4.472925264563449,5.198640897366769,11.372469693181904,8.195708404627709,0.0,0.0,0.0,42,11,1939,True
340,340,9,288,4.575811373817171,4.7653845187923585,10.382801468315812,8.359574727834836,0.0,0.0,0.0,39,11,1257,True
341,341,9,3,4.890822859852345,6.345807336459628,11.660130391513205,8.838307582700498,0.0,0.0,0.0,43,12,2418,True
342,342,9,142,4.001553089129272,6.390613736580031,9.57706823035856,8.053669918128518,0.0,0.0,0.0,37,10,847,True
343,343,9,141,5.172326257695039,7.245905770200532,11.420666761442455,8.900677417824573,0.0,0.0,0.0,43,13,1044,True
344,344,9,108,3.925592818613127,4.724118164831248,9.862400535580546,7.692798966479289,0.0,0.0,0.0,38,9,1253,True
345,345,9,173,4.327352823654944,6.311930680596657,10.938271748726725,8.27339501594467,0.0,0.0,0.0,43,14,1607,True
346,346,9,149,5.321879614290311,7.958371042908577,13.020291965486456,10.429844793965367,0.3,0.4854424443964573,1.0,44,14,2909,True
347,347,9,158,5.164168746421504,6.4660379473468295,13.034810910204262,9.624599465320538,0.3,0.7146817235725391,0.0,41,14,1072,True
348,348,9,361,4.7858726722228635,6.820449370317599,10.94553272167114,8.662460359012199,0.0,0.0,0.0,41,15,851,True
349,349,9,325,4.5455836857800795,5.940280442294884,10.607727742198252,8.491854678016566,0.0,0.0,0.0,42,14,1668,True
350,350,9,337,4.0310539962770084,5.0533714768188736,8.844076626844899,7.372902340280343,0.0,0.0,0.0,37,7,272,True
351,351,9,433,4.219203022559635,6.769658430261243,9.655614240987207,7.790524084805116,0.0,0.0,0.0,39,12,438,True
352,352,9,42,3.8932876850249465,4.339540759556123,11.310286050855625,7.701385621571053,0.0,0.0,0.0,38,12,651,True
353,353,9,217,4.397531342285868,5.6269624406135526,10.017381877315547,7.85082424378471,0.0,0.0,0.0,41,12,778,True
354,354,9,13,3.844563170353722,5.2619728417799205,10.721367899674561,7.3023933192531585,0.0,0.0,0.0,42,13,2339,True
355,355,9,242,4.00833499146568,5.818201363831853,9.737005679141227,7.79577144719745,0.0,0.0,0.0,44,12,2150,True
356,356,9,82,4.703868738169357,6.075666976588573,11.381436377315636,8.44974806963754,0.0,0.0,0.0,44,12,2069,True
357,357,9,393,3.9471024641140198,5.6098836043565585,9.753348499092333,7.594223178111997,0.0,0.0,0.0,38,10,690,True
358,358,9,174,4.56496179726762,6.0371488833479106,10.002770604840732,8.443108522354263,0.0,0.0,0.0,37,9,512,True
359,359,9,9,3.679522286240456,4.9305289975718045,8.899591894312953,7.119371467498536,0.0,0.0,0.0,40,9,435,True
360,360,9,434,4.052961336688273,5.692978106631558,10.166857326513004,7.7933397535043705,0.0,0.0,0.0,41,11,830,True
361,361,9,323,4.365827185945212,5.921747664334255,11.306003808747075,8.892628132381867,0.0,0.0,0.0,44,16,2026,True
362,362,9,468,4.3467940713377216,4.7898162150075665,13.229853283756142,8.529827140157117,0.1,0.09870101912778187,0.0,41,13,1182,True
363,363,9,63,4.085120487723431,5.005366526303566,9.920676089392806,7.204016381973157,0.0,0.0,0.0,42,11,1384,True
364,364,9,220,4.845473805017655,6.706086237498995,13.70243122112802,8.785978634977187,0.1,0.16733759934384546,0.0,44,14,1969,True
365,365,9,248,3.930316287245231,5.482504486083802,10.955050986109226,7.761329083992106,0.0,0.0,0.0,37,12,653,True
366,366,9,169,4.1675132668462425,5.332513446325543,9.110722033661652,7.339872956704018,0.0,0.0,0.0,36,6,877,True
367,367,9,31,3.8896630098147424,5.865931063137231,9.447408912590204,7.840846746106116,0.0,0.0,0.0,44,15,1997,True
368,368,9,421,4.038802000284684,5.433855439107453,10.66526931290294,7.743577250152528,0.0,0.0,0.0,43,15,903,True
369,369,9,308,3.8669103353972303,5.586730819252397,9.331129592485743,7.692700832642065,0.0,0.0,0.0,36,10,703,True
370,370,9,278,3.8378775390861617,4.528601585765495,10.594850886486187,7.5532081364272585,0.0,0.0,0.0,38,10,507,False
371,371,9,115,4.019029000568578,2.631289406510537,10.086034825341509,7.218675656926918,0.0,0.0,0.0,41,12,1254,True
372,372,9,195,3.281055252852612,4.940382645105269,8.133114421312964,6.412250249295073,0.0,0.0,0.0,40,11,1225,True
373,373,9,71,4.34933075752192,5.31709529657787,10.87888245087644,8.309474868801841,0.0,0.0,0.0,42,12,1940,True
374,374,9,113,3.8750573297229867,4.57521102790686,10.505586732152782,8.102718305078074,0.0,0.0,0.0,40,14,823,True
375,375,9,397,3.9819385549808937,5.24670210547834,9.944390278477636,7.835182850789318,0.0,0.0,0.0,39,9,1138,True
376,376,9,52,4.339392922034266,5.401072029226548,10.505767094368943,7.780405701454936,0.0,0.0,0.0,38,10,830,True
377,377,9,83,4.004399194875599,4.361158431572783,10.00015510633275,7.718111965533401,0.0,0.0,0.0,39,14,607,True
378,378,9,341,4.230889136313342,5.285364278679966,12.72724449125113,8.352540585604595,0.1,0.5582632715735886,0.0,41,12,1754,True
379,379,9,403,4.045159810455466,5.322196995338825,8.869386358769566,7.532048450205907,0.0,0.0,0.0,42,10,1754,True
380,380,9,380,3.9621764359238174,5.084001381268059,10.664845382602305,7.968669483546512,0.0,0.0,0.0,42,12,1670,True
381,381,9,168,4.397606236851325,4.685641238268664,11.474528384452515,8.076104446170355,0.0,0.0,0.0,40,13,898,True
382,382,9,241,3.8232030745414436,5.7440413978006735,9.210053603044312,7.328663600971319,0.0,0.0,0.0,38,9,777,True
383,383,9,69,4.255067354616231,5.769661418247714,10.485107006484203,7.47948042949651,0.0,0.0,0.0,40,9,944,True
384,384,9,479,5.138761000568848,6.6690092059953185,12.504186327720893,9.533836347736658,0.1,53.799865444911106,0.0,46,16,2747,True
385,385,9,467,4.5432731513868765,7.391466659438144,11.976157040478355,9.003808210255723,0.0,0.0,0.0,44,14,2408,True
386,386,9,329,4.775766446316375,5.9333410844541,11.578392277027755,8.865746641831958,0.0,0.0,0.0,40,12,847,True
387,387,9,455,4.661827592131918,6.818849113676771,9.70026355872674,8.478274085702086,0.0,0.0,0.0,44,13,2683,True
388,388,9,23,4.565667499008855,5.659810431528954,12.965755842781256,9.292570359692796,0.1,0.14743161607148075,0.0,42,12,1611,True
389,389,9,327,4.4567393275380685,6.09466107370847,10.789575738638518,8.418486457260482,0.0,0.0,0.0,40,10,1161,True
390,390,9,84,4.598780518913811,7.4079547522551,10.898174992275068,8.487932003740159,0.0,0.0,0.0,40,13,706,True
391,391,9,271,4.001204727209466,5.440330044609016,14.197376197919915,7.996339586223128,0.1,0.3571378255332277,0.0,41,11,1160,True
392,392,9,36,5.4086271722306645,6.776998629460668,14.239191560233026,9.209231102635586,0.1,0.14506035037734474,0.0,45,15,1763,True
393,393,9,223,3.9853541834570168,6.330471220461532,10.253936721231396,8.270118944323933,0.0,0.0,0.0,43,13,2146,True
394,394,9,94,4.575117455653026,5.1048444176262455,11.31184581836497,8.395323690007789,0.0,0.0,0.0,45,13,1541,True
395,395,9,10,4.335680812105012,5.066190467002488,11.356957926450784,8.089896693739117,0.0,0.0,0.0,37,9,661,True
396,396,9,180,4.5790884388775535,6.113501436840867,11.38862121686876,8.756403097391466,0.0,0.0,0.0,43,14,1429,True
397,397,9,324,5.064313552145896,6.5847153376011756,11.770116559968756,9.31993465023972,0.0,0.0,0.0,42,14,1725,True
398,398,9,165,4.746267882321175,6.6911991392437535,10.455759552469685,8.708309261365955,0.0,0.0,0.0,40,10,1673,True
399,399,9,488,4.292564424836162,5.960243569338705,9.809017287428324,8.289948254945541,0.0,0.0,0.0,38,10,477,True
400,400,9,116,4.538189336582622,6.862628387090792,11.832271872603604,8.546573019675678,0.0,0.0,0.0,42,11,1902,True
401,401,9,245,4.317778497540393,6.0455496800667365,9.409634523021188,7.534409515038194,0.0,0.0,0.0,41,11,1247,True
402,402,9,146,4.259549741920808,6.841871450288083,9.96175592310162,8.141629553017689,0.0,0.0,0.0,38,10,996,True
403,403,9,192,4.325904609525908,5.3123768336426656,11.327927493428055,8.58148517854786,0.0,0.0,0.0,37,9,390,True
404,404,9,494,4.305811384736115,4.498352367886497,11.608404427515392,8.498053593521934,0.0,0.0,0.0,42,13,1297,True
405,405,9,114,4.315649836215571,6.327205548994191,11.07833907832348,8.845415538358818,0.0,0.0,0.0,40,11,1420,True
406,406,9,133,4.400835882346574,7.039379905243139,10.46183450952311,8.12534757785116,0.0,0.0,0.0,40,13,987,True
407,407,9,444,4.732955848616244,6.331918518211008,11.298135309012752,8.510081596148963,0.0,0.0,0.0,39,11,620,True
408,408,9,7,3.6277345903704683,3.9996303763981436,9.317338835722648,6.629223456301789,0.0,0.0,0.0,39,12,545,True
409,409,9,155,3.955310912606409,6.710761923235487,10.108624812813613,7.7342148256756476,0.0,0.0,0.0,44,15,1902,True
410,410,9,476,4.506757836230831,7.017031993362597,12.030314738800053,8.807032480880967,0.1,0.3958424804525338,0.0,39,10,842,True
411,411,9,280,4.579084094506491,6.8736700257163665,11.398335963359965,8.452782973103593,0.0,0.0,0.0,44,13,3005,True
412,412,9,398,4.698009176079713,7.186576352373028,11.254843077599668,8.863695974387305,0.0,0.0,0.0,41,11,1091,True
413,413,9,402,4.124352978150987,6.7863017709612645,11.539013138568967,8.080895503802656,0.0,0.0,0.0,40,9,1629,True
414,414,9,430,4.292451717284583,6.4071876375044425,10.800542900390678,8.570257022695204,0.0,0.0,0.0,40,13,1313,True
415,415,9,287,4.868518751536072,7.127923034002192,12.246284042586064,9.270486042991983,0.1,0.1250292098060924,0.0,43,15,1667,True
416,416,9,11,4.596769584951557,6.095533721469563,13.383416242244994,8.47763410564052,0.1,0.2795777549139041,0.0,41,14,1445,True
417,417,9,147,4.322287529834726,6.203767300414801,9.712876816696108,7.746475312924253,0.0,0.0,0.0,43,13,2026,True
418,418,9,167,4.246003811031272,5.756758399180758,10.245667238744804,8.278530106402677,0.0,0.0,0.0,38,12,1010,True
419,419,9,311,4.013165901913355,6.253697583603352,10.10879419230502,7.819161467849753,0.0,0.0,0.0,44,11,3075,True
420,420,9,414,4.067744748311283,5.275798013662053,10.425553599999098,8.152892055600628,0.0,0.0,0.0,40,11,1176,True
421,421,9,465,4.602308634827984,7.192980832050336,11.011712521985517,8.87918372171455,0.0,0.0,0.0,42,9,2171,True
422,422,9,33,4.291656285178524,4.9224682223314336,10.166592743232897,7.6159751251391326,0.0,0.0,0.0,41,12,1880,True
423,423,9,365,4.075711849039267,5.883018270656122,11.000949360766695,7.95997129887304,0.0,0.0,0.0,39,11,870,True
424,424,9,285,3.7472067731461545,4.965204365580521,7.830932825978308,6.811308677729838,0.0,0.0,0.0,35,11,345,True
425,425,9,176,3.3286594377411465,5.251475456602742,8.275687458278416,6.819421460664282,0.0,0.0,0.0,41,15,781,True
426,426,9,461,4.2121780507354805,5.1451295661056236,9.354829729569104,8.213829139287313,0.0,0.0,0.0,41,14,1625,True
427,427,9,101,4.456663788513707,6.641741227415485,10.030802547070817,8.313894216551711,0.0,0.0,0.0,43,13,1714,True
428,428,9,445,4.6110389936605385,6.92955065749328,12.454241232936424,9.023592264577346,0.1,0.1475707749136274,0.0,44,13,1550,True
429,429,9,134,4.9986634280917785,6.025554163910245,10.64812490281591,9.009829973634254,0.0,0.0,0.0,42,14,1554,True
430,430,9,60,4.190789812606477,5.757604599557926,10.71098284822513,7.925954604686288,0.0,0.0,0.0,40,11,1247,True
431,431,9,111,4.290721027327091,5.556963478809059,14.01952686458767,8.57317869859863,0.2,1.3076602429115172,0.0,44,13,1452,True
432,432,9,367,4.829823046701669,6.931861050483898,11.458945839821448,8.774998843269074,0.0,0.0,0.0,42,13,1129,True
433,433,9,282,4.7991213500820455,6.917433156317816,11.30688169733534,9.161609142073894,0.0,0.0,0.0,39,11,889,True
434,434,9,225,4.3174095385463085,6.559715451593077,9.699096487786075,8.454838487348315,0.0,0.0,0.0,40,12,852,True
435,435,9,232,3.8454409712897215,4.792111749701592,9.471021679974065,7.5582389009144775,0.0,0.0,0.0,43,11,612,True
436,436,9,449,4.232949228596977,5.5907274574837444,11.840103351918636,8.013770611836748,0.0,0.0,0.0,40,9,1222,True
437,437,9,189,4.605555556086141,6.746532027668557,12.608338790132446,8.809835289560406,0.1,0.1463316103063797,0.0,42,14,1149,True
438,438,9,177,3.9344365760260738,3.7303241155655824,11.15267851426008,7.472430749081974,0.0,0.0,0.0,37,10,755,True
439,439,9,151,3.802881406751931,3.831849374612146,10.027496066361458,7.1900474973550486,0.0,0.0,0.0,38,9,716,True
440,440,9,354,4.35608691932827,5.165090330853278,11.308308245553176,8.342830897031071,0.0,0.0,0.0,41,11,803,True
441,441,9,350,3.7154636080517873,5.182194703840384,8.540650688621968,7.059009094974187,0.0,0.0,0.0,40,11,1352,True
442,442,9,431,4.203739656406548,7.127462608843724,9.7258361289328,8.621573242280077,0.0,0.0,0.0,43,16,1384,True
443,443,9,272,3.959617709619293,2.9762634571181965,11.47991872935128,7.176570620358954,0.0,0.0,0.0,38,10,714,True
444,444,9,16,5.354393820653383,7.363967718675827,12.687609700780165,9.605006999727346,0.1,0.3385035912283237,0.0,43,12,1745,True
445,445,9,161,5.169712910164835,6.340787950887044,11.848301276672414,9.3664531368489,0.0,0.0,0.0,44,14,2037,True
446,446,9,127,5.295422719562306,6.678116695224728,11.962094574131978,9.413796947018094,0.0,0.0,0.0,41,14,1556,True
447,447,9,389,4.707196264585555,6.88459294239765,11.58400770935024,9.027165285092694,0.0,0.0,0.0,43,15,2285,True
448,448,9,86,5.319238743357762,7.154351803503218,12.810124276255006,9.789798570760652,0.2,0.8508929197642784,0.0,44,16,1724,True
449,449,9,410,3.9098785090777577,5.128250152567055,10.449170255083732,7.312022185158669,0.0,0.0,0.0,39,11,705,True
450,450,9,321,4.723044088340178,6.6192914665691625,11.069759359344882,8.922175245746477,0.0,0.0,0.0,41,12,1136,True
451,451,9,226,4.138358643853547,5.122939021904849,10.61502681829794,7.852432868920268,0.0,0.0,0.0,38,10,795,True
452,452,9,138,4.192135047727272,5.66974550218244,11.24593614330698,7.994884375856185,0.0,0.0,0.0,42,11,1387,True
453,453,9,344,4.487264286814965,6.6270372892942975,11.168287567699132,8.525893335001623,0.0,0.0,0.0,41,13,1331,True
454,454,9,497,3.961045999963653,5.114973436875787,10.911972760638273,8.170913843516871,0.0,0.0,0.0,43,12,1613,True
455,455,9,404,4.8473779442906455,7.331219606915909,10.998135166545408,8.763714771385478,0.0,0.0,0.0,44,12,1995,True
456,456,9,486,4.087464867354662,7.0239439782092665,9.279998345380887,8.134161598596762,0.0,0.0,0.0,44,13,2269,True
457,457,9,55,4.922740881849936,5.034233046196365,11.908231018246608,9.141218177134316,0.0,0.0,0.0,41,12,1329,True
458,458,9,363,4.402722905140473,5.282230549503859,10.693054561821707,8.15103746063092,0.0,0.0,0.0,43,14,1897,True
459,459,9,485,4.414956939183863,3.372825176559106,11.422616346548542,7.9983147119681295,0.0,0.0,0.0,43,14,1413,True
460,460,9,130,4.565752791102389,5.086816385511222,9.730576372684977,7.8825648354691955,0.0,0.0,0.0,37,11,491,True
461,461,9,91,4.101449282931336,6.241408315882274,9.574940830593668,7.823278863524356,0.0,0.0,0.0,44,16,2417,True
462,462,9,121,4.522536189775892,6.000271922329434,11.861167080395813,8.113526801674285,0.0,0.0,0.0,38,10,1020,True
463,463,9,394,4.607528011493175,6.894130237138682,10.367957271809084,8.688253171759126,0.0,0.0,0.0,39,16,501,True
464,464,9,109,4.068044134742502,5.412493480778162,10.663931947854048,7.89963481272107,0.0,0.0,0.0,39,10,740,True
465,465,9,21,3.483244938625776,5.207727735942783,10.55555440415102,6.835186072179687,0.0,0.0,0.0,39,12,628,True
466,466,9,93,3.5654965665840166,5.458636376784915,10.869918649451687,7.0199848517383066,0.0,0.0,0.0,41,10,1636,True
467,467,9,307,4.45990496680683,7.429701791881477,11.491206122464526,8.884130067009453,0.0,0.0,0.0,42,11,1659,True
468,468,9,347,4.869292184649859,4.883852931947825,11.767325946964824,9.289063631359626,0.0,0.0,0.0,41,12,867,True
469,469,9,452,4.521868606494685,6.732653641817505,10.894930118001449,8.005671426921262,0.0,0.0,0.0,41,12,1414,True
470,470,9,49,4.587987637913309,3.994511148081187,9.636290963600556,7.992905169608622,0.0,0.0,0.0,42,13,1745,True
471,471,9,70,4.162923735723128,6.278800448124915,11.831763200589414,8.047729400649999,0.0,0.0,0.0,39,12,726,True
472,472,9,18,3.711746502308978,4.36037634882144,9.388009486929873,7.225674159032072,0.0,0.0,0.0,39,10,711,True
473,473,9,186,4.478364636481062,5.602398925032377,9.752334566272848,7.9013778422820575,0.0,0.0,0.0,41,10,836,True
474,474,9,102,4.499980748807667,6.571421383220089,9.153797727422708,8.145075396807199,0.0,0.0,0.0,42,13,2033,True
475,475,9,269,3.6893878198426138,4.8804521011354725,9.83198299186863,7.413049230186405,0.0,0.0,0.0,38,10,460,False
476,476,9,247,4.095638398615884,5.4513521064112656,9.667172148827275,7.585681366636167,0.0,0.0,0.0,37,6,842,True
477,477,9,215,4.244446762616895,4.704419883112074,12.041644750280616,8.253222743373044,0.1,0.2434644756176109,0.0,37,10,893,True
478,478,9,386,5.159266363879973,6.038991149490776,10.925384111311248,9.029039169239153,0.0,0.0,0.0,46,15,3214,True
479,479,9,183,4.0245711782496745,5.594557013188329,11.771212007084928,7.915440512948947,0.0,0.0,0.0,42,15,816,True
480,480,9,457,4.677228946263875,4.5370460074179615,11.961588128071167,8.533749104576085,0.0,0.0,0.0,43,13,1559,True
481,481,9,390,5.228252238710429,7.349406396471008,12.82465656621405,9.500168572398927,0.2,0.3399394354103687,0.0,43,11,1854,True
482,482,9,268,4.065345463464935,5.012740463917618,12.464626104082484,8.642261798209075,0.1,0.09436270088047112,0.0,46,17,2030,True
483,483,9,35,4.435305254305441,4.954807313072647,14.356129555288039,8.569186105607727,0.2,0.18581439780055414,0.0,36,12,214,True
484,484,9,332,4.114071647434356,4.510727640404553,10.015822099063351,7.866963270247446,0.0,0.0,0.0,37,10,801,True
485,485,9,351,3.9589036145120473,4.917774989463163,10.719337141914176,7.4350403910872815,0.0,0.0,0.0,38,9,1189,True
486,486,9,58,4.4020583806963565,3.899180501187793,9.753813537986344,7.420249166526696,0.0,0.0,0.0,36,6,372,True
487,487,9,164,4.225785051955364,6.385945670109932,10.926170441423805,7.8301061452565905,0.0,0.0,0.0,41,12,1165,True
488,488,9,490,4.232022431527708,6.307338624897278,9.518060648526212,7.947906274607183,0.0,0.0,0.0,41,12,1707,True
489,489,9,209,4.280169573175205,6.83746149361034,10.994041828220082,8.441035824953206,0.0,0.0,0.0,44,16,2119,True
490,490,9,436,4.892417095532132,6.18250935022243,14.117949149437573,9.342998854252006,0.1,0.1494037169848549,0.0,41,10,1698,True
491,491,9,140,5.047161410275363,6.429431137765691,12.563092914285278,9.169279044838973,0.1,0.2406073430047533,0.0,43,14,1260,True
492,492,9,448,4.554191958901336,6.864923643822307,9.169605021876636,8.037946033407396,0.0,0.0,0.0,41,11,900,True
493,493,9,429,4.664345665790085,6.577137698661853,10.71979593561036,8.529205366766991,0.0,0.0,0.0,42,12,1619,True
494,494,9,236,4.048764900644351,5.634681991375168,11.236448127587604,7.951020500714374,0.0,0.0,0.0,41,12,1601,True
495,495,9,345,3.5349446529074484,4.588593595211805,8.557237204640169,6.82712041517007,0.0,0.0,0.0,38,8,1006,True
496,496,9,184,3.704918028600252,4.522380148447995,9.913542810830544,7.042755682181138,0.0,0.0,0.0,36,7,249,True
497,497,9,387,3.9782187976347663,5.696465021432841,10.817811587721962,8.154738720201873,0.0,0.0,0.0,39,9,654,True
498,498,9,89,4.635395900568478,3.857489104577213,13.15556352522302,8.504937993563065,0.1,0.26664444222177763,0.0,41,12,1271,True
499,499,9,202,3.9618193730623323,5.419536250016548,10.162470442754367,7.74422511696359,0.0,0.0,0.0,39,13,892,True
